{
    "name": "root",
    "metadata": {
        "timer_format_version": "0.1.0",
        "start_time_seconds": "1756973962",
        "python_version": "3.10.11 (tags/v3.10.11:7d4cc5a, Apr  5 2023, 00:38:17) [MSC v.1929 64 bit (AMD64)]",
        "command_line_arguments": "D:\\ml-agents\\venv\\Scripts\\mlagents-learn --force",
        "mlagents_version": "1.2.0.dev0",
        "mlagents_envs_version": "1.2.0.dev0",
        "communication_protocol_version": "1.5.0",
        "pytorch_version": "2.8.0+cu129",
        "numpy_version": "1.23.5",
        "end_time_seconds": "1756974067"
    },
    "total": 104.9016058000052,
    "count": 1,
    "self": 10.005291800000123,
    "children": {
        "run_training.setup": {
            "total": 0.018648199999006465,
            "count": 1,
            "self": 0.018648199999006465
        },
        "TrainerController.start_learning": {
            "total": 94.87766580000607,
            "count": 1,
            "self": 0.06549990045459708,
            "children": {
                "TrainerController._reset_env": {
                    "total": 8.85574110000016,
                    "count": 1,
                    "self": 8.85574110000016
                },
                "TrainerController.advance": {
                    "total": 85.73698059954768,
                    "count": 3994,
                    "self": 0.06411019968800247,
                    "children": {
                        "env_step": {
                            "total": 85.21888139996736,
                            "count": 3994,
                            "self": 66.44552490002388,
                            "children": {
                                "SubprocessEnvManager._take_step": {
                                    "total": 18.729205200084834,
                                    "count": 3995,
                                    "self": 0.20343829979537986,
                                    "children": {
                                        "TorchPolicy.evaluate": {
                                            "total": 18.525766900289454,
                                            "count": 3995,
                                            "self": 18.525766900289454
                                        }
                                    }
                                },
                                "workers": {
                                    "total": 0.044151299858640414,
                                    "count": 3993,
                                    "self": 0.0,
                                    "children": {
                                        "worker_root": {
                                            "total": 54.408520199896884,
                                            "count": 3993,
                                            "is_parallel": true,
                                            "self": 24.339871900148864,
                                            "children": {
                                                "steps_from_proto": {
                                                    "total": 0.0009283999970648438,
                                                    "count": 2,
                                                    "is_parallel": true,
                                                    "self": 0.000556999999389518,
                                                    "children": {
                                                        "_process_rank_one_or_two_observation": {
                                                            "total": 0.0003713999976753257,
                                                            "count": 4,
                                                            "is_parallel": true,
                                                            "self": 0.0003713999976753257
                                                        }
                                                    }
                                                },
                                                "UnityEnvironment.step": {
                                                    "total": 30.067719899750955,
                                                    "count": 3993,
                                                    "is_parallel": true,
                                                    "self": 0.25827799933904316,
                                                    "children": {
                                                        "UnityEnvironment._generate_step_input": {
                                                            "total": 0.2339070000089123,
                                                            "count": 3993,
                                                            "is_parallel": true,
                                                            "self": 0.2339070000089123
                                                        },
                                                        "communicator.exchange": {
                                                            "total": 28.76277690030838,
                                                            "count": 3993,
                                                            "is_parallel": true,
                                                            "self": 28.76277690030838
                                                        },
                                                        "steps_from_proto": {
                                                            "total": 0.8127580000946182,
                                                            "count": 3993,
                                                            "is_parallel": true,
                                                            "self": 0.4951538001332665,
                                                            "children": {
                                                                "_process_rank_one_or_two_observation": {
                                                                    "total": 0.3176041999613517,
                                                                    "count": 7986,
                                                                    "is_parallel": true,
                                                                    "self": 0.3176041999613517
                                                                }
                                                            }
                                                        }
                                                    }
                                                }
                                            }
                                        }
                                    }
                                }
                            }
                        },
                        "trainer_advance": {
                            "total": 0.4539889998923172,
                            "count": 3993,
                            "self": 0.07966949972615112,
                            "children": {
                                "process_trajectory": {
                                    "total": 0.3743195001661661,
                                    "count": 3993,
                                    "self": 0.3743195001661661
                                }
                            }
                        }
                    }
                },
                "trainer_threads": {
                    "total": 1.6999983927235007e-06,
                    "count": 1,
                    "self": 1.6999983927235007e-06
                },
                "TrainerController._save_models": {
                    "total": 0.21944250000524335,
                    "count": 1,
                    "self": 0.008743000005779322,